"app_name","apple_rating","android_rating","apple_price","android_price","apple_genre","android_genre","android_lifespan","apple_lifespan","revenue","initial_cost","recurring_cost","profit"
"PewDiePie's Tuber Simulator","5.0","4.8","0.00","0","Games","Casual","132.0","132.0","660000.0","20000","132000.0","$508,000.00"
"ASOS","5.0","4.7","0.00","0","Shopping","Shopping","120.0","132.0","630000.0","20000","132000.0","$478,000.00"
"Domino's Pizza USA","5.0","4.7","0.00","0","Food & Drink","Food & Drink","120.0","132.0","630000.0","20000","132000.0","$478,000.00"
"Fernanfloo","4.5","4.8","0.00","0","Games","Arcade","132.0","120.0","630000.0","20000","132000.0","$478,000.00"
"Domino's Pizza USA","5.0","4.7","0.00","0","Food & Drink","Food & Drink","120.0","132.0","630000.0","20000","132000.0","$478,000.00"
"Geometry Dash Lite","5.0","4.5","0.00","0","Games","Arcade","120.0","132.0","630000.0","20000","132000.0","$478,000.00"
"The Guardian","5.0","4.7","0.00","0","News","News & Magazines","120.0","132.0","630000.0","20000","132000.0","$478,000.00"
"ASOS","5.0","4.7","0.00","0","Shopping","Shopping","120.0","132.0","630000.0","20000","132000.0","$478,000.00"
"Egg, Inc.","5.0","4.7","0.00","0","Games","Simulation","120.0","132.0","630000.0","20000","132000.0","$478,000.00"
"Cytus","5.0","4.7","1.99","0","Games","Music","120.0","132.0","630000.0","29900.00","132000.0","$468,100.00"
"Angry Birds Epic RPG","4.5","4.5","0.00","0","Games","Role Playing","120.0","120.0","600000.0","20000","120000.0","$460,000.00"
"WhatsApp Messenger","4.5","4.4","0.00","0","Social Networking","Communication","120.0","120.0","600000.0","20000","120000.0","$460,000.00"
"GMX Mail","4.5","4.3","0.00","0","Productivity","Communication","120.0","120.0","600000.0","20000","120000.0","$460,000.00"
"WhatsApp Messenger","4.5","4.4","0.00","0","Social Networking","Communication","120.0","120.0","600000.0","20000","120000.0","$460,000.00"
"GroupMe","4.5","4.5","0.00","0","Social Networking","Communication","120.0","120.0","600000.0","20000","120000.0","$460,000.00"
"ClassDojo","4.5","4.4","0.00","0","Education","Education;Education","120.0","120.0","600000.0","20000","120000.0","$460,000.00"
"ClassDojo","4.5","4.4","0.00","0","Education","Education;Education","120.0","120.0","600000.0","20000","120000.0","$460,000.00"
"YouTube Kids","4.5","4.5","0.00","0","Entertainment","Entertainment;Music & Video","120.0","120.0","600000.0","20000","120000.0","$460,000.00"
"Regal Cinemas","4.5","4.3","0.00","0","Entertainment","Entertainment","120.0","120.0","600000.0","20000","120000.0","$460,000.00"
"The CW","4.5","4.4","0.00","0","Entertainment","Entertainment","120.0","120.0","600000.0","20000","120000.0","$460,000.00"
"The CW","4.5","4.4","0.00","0","Entertainment","Entertainment","120.0","120.0","600000.0","20000","120000.0","$460,000.00"
"The CW","4.5","4.4","0.00","0","Entertainment","Entertainment","120.0","120.0","600000.0","20000","120000.0","$460,000.00"
"Chase Mobile","4.5","4.6","0.00","0","Finance","Finance","120.0","120.0","600000.0","20000","120000.0","$460,000.00"
"Starbucks","4.5","4.5","0.00","0","Food & Drink","Food & Drink","120.0","120.0","600000.0","20000","120000.0","$460,000.00"
"DoorDash - Food Delivery","4.5","4.5","0.00","0","Food & Drink","Food & Drink","120.0","120.0","600000.0","20000","120000.0","$460,000.00"
"Seven - 7 Minute Workout Training Challenge","4.5","4.5","0.00","0","Health & Fitness","Health & Fitness","120.0","120.0","600000.0","20000","120000.0","$460,000.00"
"Seven - 7 Minute Workout Training Challenge","4.5","4.5","0.00","0","Health & Fitness","Health & Fitness","120.0","120.0","600000.0","20000","120000.0","$460,000.00"
"ROBLOX","4.5","4.5","0.00","0","Games","Adventure;Action & Adventure","120.0","120.0","600000.0","20000","120000.0","$460,000.00"
"Subway Surfers","4.5","4.5","0.00","0","Games","Arcade","120.0","120.0","600000.0","20000","120000.0","$460,000.00"
"Candy Crush Saga","4.5","4.4","0.00","0","Games","Casual","120.0","120.0","600000.0","20000","120000.0","$460,000.00"
"Solitaire","4.5","4.7","0.00","0","Games","Card","120.0","120.0","600000.0","20000","120000.0","$460,000.00"
"Clash Royale","4.5","4.6","0.00","0","Games","Strategy","120.0","120.0","600000.0","20000","120000.0","$460,000.00"
"Temple Run 2","4.5","4.3","0.00","0","Games","Action","120.0","120.0","600000.0","20000","120000.0","$460,000.00"
"Pou","4.5","4.3","0.00","0","Games","Casual","120.0","120.0","600000.0","20000","120000.0","$460,000.00"
"Angry Birds Rio","4.5","4.4","0.00","0","Games","Arcade","120.0","120.0","600000.0","20000","120000.0","$460,000.00"
"Sonic Dash","4.5","4.5","0.00","0","Games","Arcade","120.0","120.0","600000.0","20000","120000.0","$460,000.00"
"Candy Crush Soda Saga","4.5","4.4","0.00","0","Games","Casual","120.0","120.0","600000.0","20000","120000.0","$460,000.00"
"Clash of Clans","4.5","4.6","0.00","0","Games","Strategy","120.0","120.0","600000.0","20000","120000.0","$460,000.00"
"Flow Free","4.5","4.3","0.00","0","Games","Puzzle","120.0","120.0","600000.0","20000","120000.0","$460,000.00"
"Fishdom","4.5","4.6","0.00","0","Games","Puzzle","120.0","120.0","600000.0","20000","120000.0","$460,000.00"
"Zombie Tsunami","4.5","4.4","0.00","0","Games","Arcade","120.0","120.0","600000.0","20000","120000.0","$460,000.00"
"Hill Climb Racing","4.5","4.4","0.00","0","Games","Racing","120.0","120.0","600000.0","20000","120000.0","$460,000.00"
"Zombie Catchers","4.5","4.7","0.00","0","Games","Action","120.0","120.0","600000.0","20000","120000.0","$460,000.00"
"Farm Heroes Saga","4.5","4.4","0.00","0","Games","Casual","120.0","120.0","600000.0","20000","120000.0","$460,000.00"
"Geometry Dash World","4.5","4.6","0.00","0","Games","Arcade","120.0","120.0","600000.0","20000","120000.0","$460,000.00"
"My Talking Angela","4.5","4.5","0.00","0","Games","Casual","120.0","120.0","600000.0","20000","120000.0","$460,000.00"
"Subway Surfers","4.5","4.5","0.00","0","Games","Arcade","120.0","120.0","600000.0","20000","120000.0","$460,000.00"
"ROBLOX","4.5","4.5","0.00","0","Games","Adventure;Action & Adventure","120.0","120.0","600000.0","20000","120000.0","$460,000.00"
"Pou","4.5","4.3","0.00","0","Games","Casual","120.0","120.0","600000.0","20000","120000.0","$460,000.00"
"Clash of Clans","4.5","4.6","0.00","0","Games","Strategy","120.0","120.0","600000.0","20000","120000.0","$460,000.00"
"Candy Crush Saga","4.5","4.4","0.00","0","Games","Casual","120.0","120.0","600000.0","20000","120000.0","$460,000.00"
"Cooking Fever","4.5","4.5","0.00","0","Games","Arcade","120.0","120.0","600000.0","20000","120000.0","$460,000.00"
"Score! Hero","4.5","4.6","0.00","0","Games","Sports","120.0","120.0","600000.0","20000","120000.0","$460,000.00"
"My Talking Angela","4.5","4.5","0.00","0","Games","Casual","120.0","120.0","600000.0","20000","120000.0","$460,000.00"
"Toy Blast","4.5","4.7","0.00","0","Games","Puzzle","120.0","120.0","600000.0","20000","120000.0","$460,000.00"
"Candy Crush Soda Saga","4.5","4.4","0.00","0","Games","Casual","120.0","120.0","600000.0","20000","120000.0","$460,000.00"
"Fishdom","4.5","4.6","0.00","0","Games","Puzzle","120.0","120.0","600000.0","20000","120000.0","$460,000.00"
"Clash Royale","4.5","4.6","0.00","0","Games","Strategy","120.0","120.0","600000.0","20000","120000.0","$460,000.00"
"My Talking Tom","4.5","4.5","0.00","0","Games","Casual","120.0","120.0","600000.0","20000","120000.0","$460,000.00"
"Angry Birds Rio","4.5","4.4","0.00","0","Games","Arcade","120.0","120.0","600000.0","20000","120000.0","$460,000.00"
"Zombie Catchers","4.5","4.7","0.00","0","Games","Action","120.0","120.0","600000.0","20000","120000.0","$460,000.00"
"Temple Run 2","4.5","4.3","0.00","0","Games","Action","120.0","120.0","600000.0","20000","120000.0","$460,000.00"
"Zombie Tsunami","4.5","4.4","0.00","0","Games","Arcade","120.0","120.0","600000.0","20000","120000.0","$460,000.00"
"Farm Heroes Saga","4.5","4.4","0.00","0","Games","Casual","120.0","120.0","600000.0","20000","120000.0","$460,000.00"
"Traffic Racer","4.5","4.5","0.00","0","Games","Racing","120.0","120.0","600000.0","20000","120000.0","$460,000.00"
"Hill Climb Racing 2","4.5","4.6","0.00","0","Games","Racing","120.0","120.0","600000.0","20000","120000.0","$460,000.00"
"Flow Free","4.5","4.3","0.00","0","Games","Puzzle","120.0","120.0","600000.0","20000","120000.0","$460,000.00"
"ROBLOX","4.5","4.5","0.00","0","Games","Adventure;Action & Adventure","120.0","120.0","600000.0","20000","120000.0","$460,000.00"
"Subway Surfers","4.5","4.5","0.00","0","Games","Arcade","120.0","120.0","600000.0","20000","120000.0","$460,000.00"
"Candy Crush Saga","4.5","4.4","0.00","0","Games","Casual","120.0","120.0","600000.0","20000","120000.0","$460,000.00"
"Hungry Shark Evolution","4.5","4.5","0.00","0","Games","Arcade","120.0","120.0","600000.0","20000","120000.0","$460,000.00"
"Temple Run 2","4.5","4.3","0.00","0","Games","Action","120.0","120.0","600000.0","20000","120000.0","$460,000.00"
"Trivia Crack","4.5","4.5","0.00","0","Games","Trivia","120.0","120.0","600000.0","20000","120000.0","$460,000.00"
"Episode - Choose Your Story","4.5","4.3","0.00","0","Games","Simulation","120.0","120.0","600000.0","20000","120000.0","$460,000.00"
"ROBLOX","4.5","4.5","0.00","0","Games","Adventure;Action & Adventure","120.0","120.0","600000.0","20000","120000.0","$460,000.00"
"Candy Crush Saga","4.5","4.4","0.00","0","Games","Casual","120.0","120.0","600000.0","20000","120000.0","$460,000.00"
"Fallout Shelter","4.5","4.6","0.00","0","Games","Simulation","120.0","120.0","600000.0","20000","120000.0","$460,000.00"
"The Sims™ FreePlay","4.5","4.3","0.00","0","Games","Simulation","120.0","120.0","600000.0","20000","120000.0","$460,000.00"
"MARVEL Contest of Champions","4.5","4.3","0.00","0","Games","Action","120.0","120.0","600000.0","20000","120000.0","$460,000.00"
"Choices: Stories You Play","4.5","4.6","0.00","0","Games","Simulation","120.0","120.0","600000.0","20000","120000.0","$460,000.00"
"Summoners War","4.5","4.3","0.00","0","Games","Role Playing","120.0","120.0","600000.0","20000","120000.0","$460,000.00"
"FINAL FANTASY BRAVE EXVIUS","4.5","4.6","0.00","0","Games","Role Playing","120.0","120.0","600000.0","20000","120000.0","$460,000.00"
"Candy Crush Saga","4.5","4.4","0.00","0","Games","Casual","120.0","120.0","600000.0","20000","120000.0","$460,000.00"
"ROBLOX","4.5","4.5","0.00","0","Games","Adventure;Action & Adventure","120.0","120.0","600000.0","20000","120000.0","$460,000.00"
"Subway Surfers","4.5","4.5","0.00","0","Games","Arcade","120.0","120.0","600000.0","20000","120000.0","$460,000.00"
"Candy Crush Soda Saga","4.5","4.4","0.00","0","Games","Casual","120.0","120.0","600000.0","20000","120000.0","$460,000.00"
"Toy Blast","4.5","4.7","0.00","0","Games","Puzzle","120.0","120.0","600000.0","20000","120000.0","$460,000.00"
"Clash Royale","4.5","4.6","0.00","0","Games","Strategy","120.0","120.0","600000.0","20000","120000.0","$460,000.00"
"Clash of Clans","4.5","4.6","0.00","0","Games","Strategy","120.0","120.0","600000.0","20000","120000.0","$460,000.00"
"Farm Heroes Saga","4.5","4.4","0.00","0","Games","Casual","120.0","120.0","600000.0","20000","120000.0","$460,000.00"
"Pou","4.5","4.3","0.00","0","Games","Casual","120.0","120.0","600000.0","20000","120000.0","$460,000.00"
"Temple Run 2","4.5","4.3","0.00","0","Games","Action","120.0","120.0","600000.0","20000","120000.0","$460,000.00"
"Flow Free","4.5","4.3","0.00","0","Games","Puzzle","120.0","120.0","600000.0","20000","120000.0","$460,000.00"
"My Talking Angela","4.5","4.5","0.00","0","Games","Casual","120.0","120.0","600000.0","20000","120000.0","$460,000.00"
"Cooking Fever","4.5","4.5","0.00","0","Games","Arcade","120.0","120.0","600000.0","20000","120000.0","$460,000.00"
"Fishdom","4.5","4.6","0.00","0","Games","Puzzle","120.0","120.0","600000.0","20000","120000.0","$460,000.00"
"Score! Hero","4.5","4.6","0.00","0","Games","Sports","120.0","120.0","600000.0","20000","120000.0","$460,000.00"
"Zombie Catchers","4.5","4.7","0.00","0","Games","Action","120.0","120.0","600000.0","20000","120000.0","$460,000.00"
"My Talking Tom","4.5","4.5","0.00","0","Games","Casual","120.0","120.0","600000.0","20000","120000.0","$460,000.00"
"Hill Climb Racing","4.5","4.4","0.00","0","Games","Racing","120.0","120.0","600000.0","20000","120000.0","$460,000.00"
"Zombie Tsunami","4.5","4.4","0.00","0","Games","Arcade","120.0","120.0","600000.0","20000","120000.0","$460,000.00"
"Doodle Jump","4.5","4.3","0.99","0","Games","Arcade","120.0","120.0","600000.0","20000","120000.0","$460,000.00"
"Subway Surfers","4.5","4.5","0.00","0","Games","Arcade","120.0","120.0","600000.0","20000","120000.0","$460,000.00"
"Temple Run 2","4.5","4.3","0.00","0","Games","Action","120.0","120.0","600000.0","20000","120000.0","$460,000.00"
"Zombie Catchers","4.5","4.7","0.00","0","Games","Action","120.0","120.0","600000.0","20000","120000.0","$460,000.00"
"Swamp Attack","4.5","4.4","0.00","0","Games","Action","120.0","120.0","600000.0","20000","120000.0","$460,000.00"
"Hungry Shark World","4.5","4.5","0.00","0","Games","Action","120.0","120.0","600000.0","20000","120000.0","$460,000.00"
"Dude Perfect 2","4.5","4.5","0.00","0","Games","Action","120.0","120.0","600000.0","20000","120000.0","$460,000.00"
"Shadow Fight 2","4.5","4.6","0.00","0","Games","Action","120.0","120.0","600000.0","20000","120000.0","$460,000.00"
"War Robots","4.5","4.6","0.00","0","Games","Action","120.0","120.0","600000.0","20000","120000.0","$460,000.00"
"Candy Crush Saga","4.5","4.4","0.00","0","Games","Casual","120.0","120.0","600000.0","20000","120000.0","$460,000.00"
"Solitaire","4.5","4.7","0.00","0","Games","Card","120.0","120.0","600000.0","20000","120000.0","$460,000.00"
"Traffic Racer","4.5","4.5","0.00","0","Games","Racing","120.0","120.0","600000.0","20000","120000.0","$460,000.00"
"Hill Climb Racing","4.5","4.4","0.00","0","Games","Racing","120.0","120.0","600000.0","20000","120000.0","$460,000.00"
"Flow Free","4.5","4.3","0.00","0","Games","Puzzle","120.0","120.0","600000.0","20000","120000.0","$460,000.00"
"Zombie Catchers","4.5","4.7","0.00","0","Games","Action","120.0","120.0","600000.0","20000","120000.0","$460,000.00"
"Angry Birds Rio","4.5","4.4","0.00","0","Games","Arcade","120.0","120.0","600000.0","20000","120000.0","$460,000.00"
"Hungry Shark Evolution","4.5","4.5","0.00","0","Games","Arcade","120.0","120.0","600000.0","20000","120000.0","$460,000.00"
"Hill Climb Racing 2","4.5","4.6","0.00","0","Games","Racing","120.0","120.0","600000.0","20000","120000.0","$460,000.00"
"Swamp Attack","4.5","4.4","0.00","0","Games","Action","120.0","120.0","600000.0","20000","120000.0","$460,000.00"
"Score! Hero","4.5","4.6","0.00","0","Games","Sports","120.0","120.0","600000.0","20000","120000.0","$460,000.00"
"Jetpack Joyride","4.5","4.4","0.00","0","Games","Arcade","120.0","120.0","600000.0","20000","120000.0","$460,000.00"
"Zombie Tsunami","4.5","4.4","0.00","0","Games","Arcade","120.0","120.0","600000.0","20000","120000.0","$460,000.00"
"Farm Heroes Saga","4.5","4.4","0.00","0","Games","Casual","120.0","120.0","600000.0","20000","120000.0","$460,000.00"
"YouTube Kids","4.5","4.5","0.00","0","Entertainment","Entertainment;Music & Video","120.0","120.0","600000.0","20000","120000.0","$460,000.00"
"ROBLOX","4.5","4.5","0.00","0","Games","Adventure;Action & Adventure","120.0","120.0","600000.0","20000","120000.0","$460,000.00"
"Solitaire","4.5","4.4","0.00","0","Games","Card;Brain Games","120.0","120.0","600000.0","20000","120000.0","$460,000.00"
"Hot Wheels: Race Off","4.5","4.5","0.00","0","Games","Racing;Action & Adventure","120.0","120.0","600000.0","20000","120000.0","$460,000.00"
"ROBLOX","4.5","4.5","0.00","0","Games","Adventure;Action & Adventure","120.0","120.0","600000.0","20000","120000.0","$460,000.00"
"Hot Wheels: Race Off","4.5","4.5","0.00","0","Games","Racing;Action & Adventure","120.0","120.0","600000.0","20000","120000.0","$460,000.00"
"Plants vs. Zombies™ Heroes","4.5","4.4","0.00","0","Games","Casual;Action & Adventure","120.0","120.0","600000.0","20000","120000.0","$460,000.00"
"PAC-MAN Pop","4.5","4.3","0.00","0","Games","Puzzle;Action & Adventure","120.0","120.0","600000.0","20000","120000.0","$460,000.00"
"Disney Crossy Road","4.5","4.5","0.00","0","Games","Arcade;Action & Adventure","120.0","120.0","600000.0","20000","120000.0","$460,000.00"
"Inside Out Thought Bubbles","4.5","4.4","0.00","0","Games","Puzzle;Brain Games","120.0","120.0","600000.0","20000","120000.0","$460,000.00"
"Frozen Free Fall","4.5","4.3","0.00","0","Games","Puzzle;Action & Adventure","120.0","120.0","600000.0","20000","120000.0","$460,000.00"
"ROBLOX","4.5","4.5","0.00","0","Games","Adventure;Action & Adventure","120.0","120.0","600000.0","20000","120000.0","$460,000.00"
"YouTube Kids","4.5","4.5","0.00","0","Entertainment","Entertainment;Music & Video","120.0","120.0","600000.0","20000","120000.0","$460,000.00"
"Frozen Free Fall","4.5","4.3","0.00","0","Games","Puzzle;Action & Adventure","120.0","120.0","600000.0","20000","120000.0","$460,000.00"
"Inside Out Thought Bubbles","4.5","4.4","0.00","0","Games","Puzzle;Brain Games","120.0","120.0","600000.0","20000","120000.0","$460,000.00"
"Animal Jam - Play Wild!","4.5","4.6","0.00","0","Games","Casual;Pretend Play","120.0","120.0","600000.0","20000","120000.0","$460,000.00"
"Real Racing 3","4.5","4.5","0.00","0","Games","Racing;Action & Adventure","120.0","120.0","600000.0","20000","120000.0","$460,000.00"
"Instagram","4.5","4.5","0.00","0","Photo & Video","Social","120.0","120.0","600000.0","20000","120000.0","$460,000.00"
"Pinterest","4.5","4.6","0.00","0","Social Networking","Social","120.0","120.0","600000.0","20000","120000.0","$460,000.00"
"Instagram","4.5","4.5","0.00","0","Photo & Video","Social","120.0","120.0","600000.0","20000","120000.0","$460,000.00"
"Instagram","4.5","4.5","0.00","0","Photo & Video","Social","120.0","120.0","600000.0","20000","120000.0","$460,000.00"
"Pinterest","4.5","4.6","0.00","0","Social Networking","Social","120.0","120.0","600000.0","20000","120000.0","$460,000.00"
"Wish - Shopping Made Fun","4.5","4.5","0.00","0","Shopping","Shopping","120.0","120.0","600000.0","20000","120000.0","$460,000.00"
"Wish - Shopping Made Fun","4.5","4.5","0.00","0","Shopping","Shopping","120.0","120.0","600000.0","20000","120000.0","$460,000.00"
"Wish - Shopping Made Fun","4.5","4.5","0.00","0","Shopping","Shopping","120.0","120.0","600000.0","20000","120000.0","$460,000.00"
"Wish - Shopping Made Fun","4.5","4.5","0.00","0","Shopping","Shopping","120.0","120.0","600000.0","20000","120000.0","$460,000.00"
"Photo Editor-","4.5","4.3","0.00","0","Photo & Video","Photography","120.0","120.0","600000.0","20000","120000.0","$460,000.00"
"Photo Editor-","4.5","4.3","0.00","0","Photo & Video","Photography","120.0","120.0","600000.0","20000","120000.0","$460,000.00"
"Photo Editor by Aviary","4.5","4.4","0.00","0","Photo & Video","Photography","120.0","120.0","600000.0","20000","120000.0","$460,000.00"
"PicsArt Photo Studio: Collage Maker & Pic Editor","4.5","4.5","0.00","0","Photo & Video","Photography","120.0","120.0","600000.0","20000","120000.0","$460,000.00"
"Real Basketball","4.5","4.5","0.00","0","Games","Sports","120.0","120.0","600000.0","20000","120000.0","$460,000.00"
"Microsoft Word","4.5","4.5","0.00","0","Productivity","Productivity","120.0","120.0","600000.0","20000","120000.0","$460,000.00"
"Microsoft Excel","4.5","4.5","0.00","0","Productivity","Productivity","120.0","120.0","600000.0","20000","120000.0","$460,000.00"
"Microsoft OneNote","4.5","4.4","0.00","0","Productivity","Productivity","120.0","120.0","600000.0","20000","120000.0","$460,000.00"
"Google Docs","4.5","4.3","0.00","0","Productivity","Productivity","120.0","120.0","600000.0","20000","120000.0","$460,000.00"
"Verizon Cloud","4.5","4.3","0.00","0","Productivity","Productivity","120.0","120.0","600000.0","20000","120000.0","$460,000.00"
"Trello","4.5","4.5","0.00","0","Productivity","Productivity","120.0","120.0","600000.0","20000","120000.0","$460,000.00"
"Microsoft Word","4.5","4.5","0.00","0","Productivity","Productivity","120.0","120.0","600000.0","20000","120000.0","$460,000.00"
"Google Sheets","4.5","4.3","0.00","0","Productivity","Productivity","120.0","120.0","600000.0","20000","120000.0","$460,000.00"
"Microsoft Excel","4.5","4.5","0.00","0","Productivity","Productivity","120.0","120.0","600000.0","20000","120000.0","$460,000.00"
"Google Docs","4.5","4.3","0.00","0","Productivity","Productivity","120.0","120.0","600000.0","20000","120000.0","$460,000.00"
"Microsoft OneNote","4.5","4.4","0.00","0","Productivity","Productivity","120.0","120.0","600000.0","20000","120000.0","$460,000.00"
"Microsoft OneNote","4.5","4.4","0.00","0","Productivity","Productivity","120.0","120.0","600000.0","20000","120000.0","$460,000.00"
"Yahoo Weather","4.5","4.4","0.00","0","Weather","Weather","120.0","120.0","600000.0","20000","120000.0","$460,000.00"
"The Washington Post Classic","4.5","4.5","0.00","0","News","News & Magazines","120.0","120.0","600000.0","20000","120000.0","$460,000.00"
"Pou","4.5","4.3","0.00","0","Games","Casual","120.0","120.0","600000.0","20000","120000.0","$460,000.00"
"My Talking Tom","4.5","4.5","0.00","0","Games","Casual","120.0","120.0","600000.0","20000","120000.0","$460,000.00"
"Subway Surfers","4.5","4.5","0.00","0","Games","Arcade","120.0","120.0","600000.0","20000","120000.0","$460,000.00"
"WhatsApp Messenger","4.5","4.4","0.00","0","Social Networking","Communication","120.0","120.0","600000.0","20000","120000.0","$460,000.00"
"Instagram","4.5","4.5","0.00","0","Photo & Video","Social","120.0","120.0","600000.0","20000","120000.0","$460,000.00"
"My Talking Angela","4.5","4.5","0.00","0","Games","Casual","120.0","120.0","600000.0","20000","120000.0","$460,000.00"
"YouTube Kids","4.5","4.5","0.00","0","Entertainment","Entertainment;Music & Video","120.0","120.0","600000.0","20000","120000.0","$460,000.00"
"Asphalt 8: Airborne","4.5","4.5","0.00","0","Games","Racing","120.0","120.0","600000.0","20000","120000.0","$460,000.00"
"Rolling Sky","4.5","4.5","0.00","0","Games","Board","120.0","120.0","600000.0","20000","120000.0","$460,000.00"
"Flow Free","4.5","4.3","0.00","0","Games","Puzzle","120.0","120.0","600000.0","20000","120000.0","$460,000.00"
"Microsoft Word","4.5","4.5","0.00","0","Productivity","Productivity","120.0","120.0","600000.0","20000","120000.0","$460,000.00"
"Zombie Tsunami","4.5","4.4","0.00","0","Games","Arcade","120.0","120.0","600000.0","20000","120000.0","$460,000.00"
"Bible","4.5","4.7","0.00","0","Reference","Books & Reference","120.0","120.0","600000.0","20000","120000.0","$460,000.00"
"MORTAL KOMBAT X","4.5","4.4","0.00","0","Games","Action","120.0","120.0","600000.0","20000","120000.0","$460,000.00"
"Hungry Shark Evolution","4.5","4.5","0.00","0","Games","Arcade","120.0","120.0","600000.0","20000","120000.0","$460,000.00"
"Hay Day","4.5","4.5","0.00","0","Games","Casual","120.0","120.0","600000.0","20000","120000.0","$460,000.00"
"Clash of Clans","4.5","4.6","0.00","0","Games","Strategy","120.0","120.0","600000.0","20000","120000.0","$460,000.00"
"Clash Royale","4.5","4.6","0.00","0","Games","Strategy","120.0","120.0","600000.0","20000","120000.0","$460,000.00"
"Candy Crush Saga","4.5","4.4","0.00","0","Games","Casual","120.0","120.0","600000.0","20000","120000.0","$460,000.00"
"Hill Climb Racing","4.5","4.4","0.00","0","Games","Racing","120.0","120.0","600000.0","20000","120000.0","$460,000.00"
"Discord - Chat for Gamers","4.5","4.5","0.00","0","Social Networking","Communication","120.0","120.0","600000.0","20000","120000.0","$460,000.00"
"Hitman Sniper","4.5","4.6","0.99","$0.99 ","Games","Action","120.0","120.0","600000.0","20000","120000.0","$460,000.00"
"Fruit Ninja®","4.5","4.3","0.00","0","Games","Arcade","120.0","120.0","600000.0","20000","120000.0","$460,000.00"
"Temple Run 2","4.5","4.3","0.00","0","Games","Action","120.0","120.0","600000.0","20000","120000.0","$460,000.00"
"Geometry Dash Meltdown","4.5","4.6","0.00","0","Games","Arcade","120.0","120.0","600000.0","20000","120000.0","$460,000.00"
"Smash Hit","4.5","4.5","0.00","0","Games","Arcade","120.0","120.0","600000.0","20000","120000.0","$460,000.00"
"Bad Piggies","4.5","4.3","0.00","0","Games","Puzzle","120.0","120.0","600000.0","20000","120000.0","$460,000.00"
"Temple Run","4.5","4.3","0.00","0","Games","Arcade","120.0","120.0","600000.0","20000","120000.0","$460,000.00"
"Pinterest","4.5","4.6","0.00","0","Social Networking","Social","120.0","120.0","600000.0","20000","120000.0","$460,000.00"
"ClassDojo","4.5","4.4","0.00","0","Education","Education;Education","120.0","120.0","600000.0","20000","120000.0","$460,000.00"
"Wish - Shopping Made Fun","4.5","4.5","0.00","0","Shopping","Shopping","120.0","120.0","600000.0","20000","120000.0","$460,000.00"
"Geometry Dash World","4.5","4.6","0.00","0","Games","Arcade","120.0","120.0","600000.0","20000","120000.0","$460,000.00"
"Sonic Dash","4.5","4.5","0.00","0","Games","Arcade","120.0","120.0","600000.0","20000","120000.0","$460,000.00"
"Zombie Catchers","4.5","4.7","0.00","0","Games","Action","120.0","120.0","600000.0","20000","120000.0","$460,000.00"
"Jetpack Joyride","4.5","4.4","0.00","0","Games","Arcade","120.0","120.0","600000.0","20000","120000.0","$460,000.00"
"Xbox","4.5","4.3","0.00","0","Entertainment","Entertainment","120.0","120.0","600000.0","20000","120000.0","$460,000.00"
"PicsArt Photo Studio: Collage Maker & Pic Editor","4.5","4.5","0.00","0","Photo & Video","Photography","120.0","120.0","600000.0","20000","120000.0","$460,000.00"
"ROBLOX","4.5","4.5","0.00","0","Games","Adventure;Action & Adventure","120.0","120.0","600000.0","20000","120000.0","$460,000.00"
"Angry Birds Blast","4.5","4.6","0.00","0","Games","Puzzle","120.0","120.0","600000.0","20000","120000.0","$460,000.00"
"Angry Birds Rio","4.5","4.4","0.00","0","Games","Arcade","120.0","120.0","600000.0","20000","120000.0","$460,000.00"
"Angry Birds Star Wars","4.5","4.3","0.00","0","Games","Arcade","120.0","120.0","600000.0","20000","120000.0","$460,000.00"
"Afterlight","4.5","4.3","0.99","0","Photo & Video","Photography","120.0","120.0","600000.0","20000","120000.0","$460,000.00"
"Adobe Illustrator Draw","4.5","4.4","0.00","0","Productivity","Photography","120.0","120.0","600000.0","20000","120000.0","$460,000.00"
"Animal Jam - Play Wild!","4.5","4.6","0.00","0","Games","Casual;Pretend Play","120.0","120.0","600000.0","20000","120000.0","$460,000.00"
"The Sims™ FreePlay","4.5","4.3","0.00","0","Games","Simulation","120.0","120.0","600000.0","20000","120000.0","$460,000.00"
"My Horse","4.5","4.5","0.00","0","Games","Casual","120.0","120.0","600000.0","20000","120000.0","$460,000.00"
"WGT Golf Game by Topgolf","4.5","4.3","0.00","0","Games","Sports","120.0","120.0","600000.0","20000","120000.0","$460,000.00"
"Choices: Stories You Play","4.5","4.6","0.00","0","Games","Simulation","120.0","120.0","600000.0","20000","120000.0","$460,000.00"
"Plants vs. Zombies™ Heroes","4.5","4.4","0.00","0","Games","Casual;Action & Adventure","120.0","120.0","600000.0","20000","120000.0","$460,000.00"
"Call of Duty®: Heroes","4.5","4.4","0.00","0","Games","Action","120.0","120.0","600000.0","20000","120000.0","$460,000.00"
"OK K.O.! Lakewood Plaza Turbo","4.5","4.5","0.00","0","Games","Action;Action & Adventure","120.0","120.0","600000.0","20000","120000.0","$460,000.00"
"Bullet Force","4.5","4.5","0.00","0","Games","Action","120.0","120.0","600000.0","20000","120000.0","$460,000.00"
"Boom Beach","4.5","4.5","0.00","0","Games","Strategy","120.0","120.0","600000.0","20000","120000.0","$460,000.00"
"Red Ball 4","4.5","4.4","0.99","0","Games","Arcade","120.0","120.0","600000.0","20000","120000.0","$460,000.00"
"Wishbone - Compare Anything","4.5","4.3","0.00","0","Social Networking","Social","120.0","120.0","600000.0","20000","120000.0","$460,000.00"
"Township","4.5","4.6","0.00","0","Games","Casual","120.0","120.0","600000.0","20000","120000.0","$460,000.00"
"Hungry Shark World","4.5","4.5","0.00","0","Games","Action","120.0","120.0","600000.0","20000","120000.0","$460,000.00"
"Smashy Road: Arena","4.5","4.3","0.00","0","Games","Action","120.0","120.0","600000.0","20000","120000.0","$460,000.00"
"Super Jabber Jump","4.5","4.3","0.00","0","Games","Arcade","120.0","120.0","600000.0","20000","120000.0","$460,000.00"
"Photo Editor by Aviary","4.5","4.4","0.00","0","Photo & Video","Photography","120.0","120.0","600000.0","20000","120000.0","$460,000.00"
"SimCity BuildIt","4.5","4.5","0.00","0","Games","Simulation","120.0","120.0","600000.0","20000","120000.0","$460,000.00"
"Shadow Fight 2","4.5","4.6","0.00","0","Games","Action","120.0","120.0","600000.0","20000","120000.0","$460,000.00"
"The CW","4.5","4.4","0.00","0","Entertainment","Entertainment","120.0","120.0","600000.0","20000","120000.0","$460,000.00"
"Army of Heroes","4.5","4.5","0.00","0","Games","Strategy","120.0","120.0","600000.0","20000","120000.0","$460,000.00"
"Injustice: Gods Among Us","4.5","4.4","0.00","0","Games","Action","120.0","120.0","600000.0","20000","120000.0","$460,000.00"
"MARVEL Contest of Champions","4.5","4.3","0.00","0","Games","Action","120.0","120.0","600000.0","20000","120000.0","$460,000.00"
"MARVEL Future Fight","4.5","4.6","0.00","0","Games","Role Playing","120.0","120.0","600000.0","20000","120000.0","$460,000.00"
"Google Sheets","4.5","4.3","0.00","0","Productivity","Productivity","120.0","120.0","600000.0","20000","120000.0","$460,000.00"
"Nyan Cat: Lost In Space","4.5","4.5","0.00","0","Games","Arcade","120.0","120.0","600000.0","20000","120000.0","$460,000.00"
"Google Docs","4.5","4.3","0.00","0","Productivity","Productivity","120.0","120.0","600000.0","20000","120000.0","$460,000.00"
"Dude Perfect 2","4.5","4.5","0.00","0","Games","Action","120.0","120.0","600000.0","20000","120000.0","$460,000.00"
"Dude Perfect","4.5","4.5","0.99","0","Games","Sports","120.0","120.0","600000.0","20000","120000.0","$460,000.00"
"Starbucks","4.5","4.5","0.00","0","Food & Drink","Food & Drink","120.0","120.0","600000.0","20000","120000.0","$460,000.00"
"PES CLUB MANAGER","4.5","4.4","0.00","0","Games","Sports","120.0","120.0","600000.0","20000","120000.0","$460,000.00"
"Star Chart","4.5","4.3","0.00","0","Education","Education;Education","120.0","120.0","600000.0","20000","120000.0","$460,000.00"
"Need for Speed™ No Limits","4.5","4.4","0.00","0","Games","Racing","120.0","120.0","600000.0","20000","120000.0","$460,000.00"
"Real Racing 3","4.5","4.5","0.00","0","Games","Racing;Action & Adventure","120.0","120.0","600000.0","20000","120000.0","$460,000.00"
"Plants vs. Zombies™ 2","4.5","4.4","0.00","0","Games","Casual","120.0","120.0","600000.0","20000","120000.0","$460,000.00"
"Star Wars™: Galaxy of Heroes","4.5","4.5","0.00","0","Games","Role Playing","120.0","120.0","600000.0","20000","120000.0","$460,000.00"
"Bejeweled Classic","4.5","4.4","0.00","0","Games","Casual","120.0","120.0","600000.0","20000","120000.0","$460,000.00"
"Gear.Club - True Racing","4.5","4.4","0.00","0","Games","Racing","120.0","120.0","600000.0","20000","120000.0","$460,000.00"
"Pineapple Pen","4.5","4.3","0.00","0","Games","Arcade","120.0","120.0","600000.0","20000","120000.0","$460,000.00"
"Bad Piggies HD","4.5","4.4","0.00","0","Games","Puzzle","120.0","120.0","600000.0","20000","120000.0","$460,000.00"
"Narcos: Cartel Wars","4.5","4.7","0.00","0","Games","Strategy","120.0","120.0","600000.0","20000","120000.0","$460,000.00"
"Frozen Free Fall","4.5","4.3","0.00","0","Games","Puzzle;Action & Adventure","120.0","120.0","600000.0","20000","120000.0","$460,000.00"
"Episode - Choose Your Story","4.5","4.3","0.00","0","Games","Simulation","120.0","120.0","600000.0","20000","120000.0","$460,000.00"
"Design Home","4.5","4.4","0.00","0","Games","Simulation","120.0","120.0","600000.0","20000","120000.0","$460,000.00"
"Farm Heroes Saga","4.5","4.4","0.00","0","Games","Casual","120.0","120.0","600000.0","20000","120000.0","$460,000.00"
"Fallout Shelter","4.5","4.6","0.00","0","Games","Simulation","120.0","120.0","600000.0","20000","120000.0","$460,000.00"
"Talking Tom Bubble Shooter","4.5","4.4","0.00","0","Games","Casual","120.0","120.0","600000.0","20000","120000.0","$460,000.00"
"Fuel Rewards® program","4.5","4.6","0.00","0","Shopping","Lifestyle","120.0","120.0","600000.0","20000","120000.0","$460,000.00"
"H*nest Meditation","4.5","4.9","1.99","$1.99 ","Entertainment","Lifestyle","132.0","120.0","630000.0","39800.00","132000.0","$458,200.00"
"Fruit Ninja Classic","4.5","4.3","1.99","$0.99 ","Games","Arcade","120.0","120.0","600000.0","29900.00","120000.0","$450,100.00"
"Earn to Die 2","4.5","4.6","1.99","0","Games","Racing","120.0","120.0","600000.0","29900.00","120000.0","$450,100.00"
"Dragon Hills","4.5","4.5","1.99","0","Games","Action","120.0","120.0","600000.0","29900.00","120000.0","$450,100.00"
"Earn to Die 2","4.5","4.6","1.99","0","Games","Racing","120.0","120.0","600000.0","29900.00","120000.0","$450,100.00"
"Where's My Water?","4.5","4.7","1.99","$1.99 ","Games","Puzzle;Brain Games","120.0","120.0","600000.0","39800.00","120000.0","$440,200.00"
"AJ Jump: Animal Jam Kangaroos!","4.5","4.4","1.99","$1.99 ","Games","Arcade","120.0","120.0","600000.0","39800.00","120000.0","$440,200.00"
"Toca Kitchen 2","4.5","4.5","2.99","0","Education","Educational;Pretend Play","120.0","120.0","600000.0","39900.00","120000.0","$440,100.00"
"Vikings: an Archer's Journey","4.5","4.5","2.99","0","Games","Action","120.0","120.0","600000.0","39900.00","120000.0","$440,100.00"
"Toca Kitchen 2","4.5","4.5","2.99","0","Education","Educational;Pretend Play","120.0","120.0","600000.0","39900.00","120000.0","$440,100.00"
"Toca Kitchen 2","4.5","4.5","2.99","0","Education","Educational;Pretend Play","120.0","120.0","600000.0","39900.00","120000.0","$440,100.00"
"Farming Simulator 14","4.0","4.5","0.00","0","Games","Simulation;Action & Adventure","120.0","108.0","570000.0","20000","120000.0","$430,000.00"
"Crazy Freekick","4.5","3.9","0.00","0","Games","Sports","108.0","120.0","570000.0","20000","120000.0","$430,000.00"
"Mad Skills Motocross","4.5","4.0","0.99","0","Games","Racing","108.0","120.0","570000.0","20000","120000.0","$430,000.00"
"Firefox Focus: The privacy browser","4.0","4.4","0.00","0","Utilities","Communication","120.0","108.0","570000.0","20000","120000.0","$430,000.00"
"SONIC Drive-In","4.0","4.3","0.00","0","Food & Drink","Food & Drink","120.0","108.0","570000.0","20000","120000.0","$430,000.00"
"WeChat","4.5","4.2","0.00","0","Social Networking","Communication","108.0","120.0","570000.0","20000","120000.0","$430,000.00"
"Airbnb","4.0","4.4","0.00","0","Travel","Travel & Local","120.0","108.0","570000.0","20000","120000.0","$430,000.00"
"T-Mobile","4.0","4.3","0.00","0","Productivity","Tools","120.0","108.0","570000.0","20000","120000.0","$430,000.00"
"Puffin Web Browser","4.0","4.3","0.00","0","Utilities","Communication","120.0","108.0","570000.0","20000","120000.0","$430,000.00"
"Endless Ducker","4.0","4.5","0.00","0","Games","Arcade","120.0","108.0","570000.0","20000","120000.0","$430,000.00"
"Dubsmash","4.5","4.2","0.00","0","Entertainment","Video Players & Editors","108.0","120.0","570000.0","20000","120000.0","$430,000.00"
"NBA LIVE Mobile Basketball","4.0","4.4","0.00","0","Games","Sports","120.0","108.0","570000.0","20000","120000.0","$430,000.00"
"Deck Heroes: Legacy","4.0","4.7","0.00","0","Games","Card","120.0","108.0","570000.0","20000","120000.0","$430,000.00"
"Shopkins World!","4.0","4.3","0.00","0","Games","Arcade;Action & Adventure","120.0","108.0","570000.0","20000","120000.0","$430,000.00"
"My Emma :)","4.5","4.1","0.00","0","Games","Casual","108.0","120.0","570000.0","20000","120000.0","$430,000.00"
"Airbnb","4.0","4.4","0.00","0","Travel","Travel & Local","120.0","108.0","570000.0","20000","120000.0","$430,000.00"
"Tumblr","4.0","4.4","0.00","0","Social Networking","Social","120.0","108.0","570000.0","20000","120000.0","$430,000.00"
"Tumblr","4.0","4.4","0.00","0","Social Networking","Social","120.0","108.0","570000.0","20000","120000.0","$430,000.00"
"Puffin Web Browser","4.0","4.3","0.00","0","Utilities","Communication","120.0","108.0","570000.0","20000","120000.0","$430,000.00"
"Agar.io","4.5","4.2","0.00","0","Games","Action","108.0","120.0","570000.0","20000","120000.0","$430,000.00"
"ADP Mobile Solutions","4.0","4.3","0.00","0","Business","Business","120.0","108.0","570000.0","20000","120000.0","$430,000.00"
"SONIC Drive-In","4.0","4.3","0.00","0","Food & Drink","Food & Drink","120.0","108.0","570000.0","20000","120000.0","$430,000.00"
"Kik","4.0","4.3","0.00","0","Social Networking","Communication","120.0","108.0","570000.0","20000","120000.0","$430,000.00"
"Angry Birds 2","4.0","4.6","0.00","0","Games","Casual","120.0","108.0","570000.0","20000","120000.0","$430,000.00"
"Farming Simulator 14","4.0","4.5","0.00","0","Games","Simulation;Action & Adventure","120.0","108.0","570000.0","20000","120000.0","$430,000.00"
"Tumblr","4.0","4.4","0.00","0","Social Networking","Social","120.0","108.0","570000.0","20000","120000.0","$430,000.00"
"Snapseed","4.0","4.5","0.00","0","Photo & Video","Photography","120.0","108.0","570000.0","20000","120000.0","$430,000.00"
"Fandango Movies - Times + Tickets","4.0","4.6","0.00","0","Entertainment","Entertainment","120.0","108.0","570000.0","20000","120000.0","$430,000.00"
"WeChat","4.5","4.2","0.00","0","Social Networking","Communication","108.0","120.0","570000.0","20000","120000.0","$430,000.00"
"USAA Mobile","4.0","4.5","0.00","0","Finance","Finance","120.0","108.0","570000.0","20000","120000.0","$430,000.00"
"Angry Birds Space HD","4.0","4.5","0.00","0","Games","Arcade","120.0","108.0","570000.0","20000","120000.0","$430,000.00"
"Amex Mobile","4.0","4.3","0.00","0","Finance","Finance","120.0","108.0","570000.0","20000","120000.0","$430,000.00"
"WWE","4.0","4.5","0.00","0","Entertainment","Entertainment","120.0","108.0","570000.0","20000","120000.0","$430,000.00"
"Shopkins World!","4.0","4.3","0.00","0","Games","Arcade;Action & Adventure","120.0","108.0","570000.0","20000","120000.0","$430,000.00"
"Firefox Focus: The privacy browser","4.0","4.4","0.00","0","Utilities","Communication","120.0","108.0","570000.0","20000","120000.0","$430,000.00"
"WeChat","4.5","4.2","0.00","0","Social Networking","Communication","108.0","120.0","570000.0","20000","120000.0","$430,000.00"
"Talking Ginger 2","4.5","4.2","0.00","0","Entertainment","Entertainment","108.0","120.0","570000.0","20000","120000.0","$430,000.00"
"Firefox Focus: The privacy browser","4.0","4.4","0.00","0","Utilities","Communication","120.0","108.0","570000.0","20000","120000.0","$430,000.00"
"Fandango Movies - Times + Tickets","4.0","4.6","0.00","0","Entertainment","Entertainment","120.0","108.0","570000.0","20000","120000.0","$430,000.00"
"Candy Crush Jelly Saga","4.0","4.3","0.00","0","Games","Puzzle","120.0","108.0","570000.0","20000","120000.0","$430,000.00"
"Best Buy","4.0","4.4","0.00","0","Shopping","Shopping","120.0","108.0","570000.0","20000","120000.0","$430,000.00"
"Microsoft PowerPoint","4.0","4.5","0.00","0","Productivity","Productivity","120.0","108.0","570000.0","20000","120000.0","$430,000.00"
"Candy Crush Jelly Saga","4.0","4.3","0.00","0","Games","Puzzle","120.0","108.0","570000.0","20000","120000.0","$430,000.00"
"Agar.io","4.5","4.2","0.00","0","Games","Action","108.0","120.0","570000.0","20000","120000.0","$430,000.00"
"WEB.DE Mail","4.0","4.3","0.00","0","Productivity","Communication","120.0","108.0","570000.0","20000","120000.0","$430,000.00"
"WWE","4.0","4.5","0.00","0","Entertainment","Entertainment","120.0","108.0","570000.0","20000","120000.0","$430,000.00"
"Tomb of the Mask","4.5","4.1","0.00","0","Games","Action","108.0","120.0","570000.0","20000","120000.0","$430,000.00"
"aa","4.5","4.2","0.00","0","Games","Strategy","108.0","120.0","570000.0","20000","120000.0","$430,000.00"
"Angry Birds 2","4.0","4.6","0.00","0","Games","Casual","120.0","108.0","570000.0","20000","120000.0","$430,000.00"
"Microsoft PowerPoint","4.0","4.5","0.00","0","Productivity","Productivity","120.0","108.0","570000.0","20000","120000.0","$430,000.00"
"Bike Unchained","4.0","4.3","0.00","0","Games","Sports","120.0","108.0","570000.0","20000","120000.0","$430,000.00"
"Puffin Web Browser","4.0","4.3","0.00","0","Utilities","Communication","120.0","108.0","570000.0","20000","120000.0","$430,000.00"
"WeChat","4.5","4.2","0.00","0","Social Networking","Communication","108.0","120.0","570000.0","20000","120000.0","$430,000.00"
"Indeed Job Search","4.0","4.3","0.00","0","Business","Business","120.0","108.0","570000.0","20000","120000.0","$430,000.00"
"The Simpsons™: Tapped Out","4.0","4.3","0.00","0","Games","Casual","120.0","108.0","570000.0","20000","120000.0","$430,000.00"
"Tiny Archers","4.0","4.5","0.00","0","Games","Action","120.0","108.0","570000.0","20000","120000.0","$430,000.00"
"sugar, sugar","4.5","4.2","0.99","$1.20 ","Games","Puzzle","108.0","120.0","570000.0","22000.00","120000.0","$428,000.00"
"Bloons TD 5","4.5","4.6","2.99","$2.99 ","Games","Strategy","120.0","120.0","600000.0","59800.00","120000.0","$420,200.00"
"Tsuro - The Game of the Path","4.5","4.7","2.99","$2.99 ","Games","Board;Brain Games","120.0","120.0","600000.0","59800.00","120000.0","$420,200.00"
"Pocket Yoga","4.5","4.4","2.99","$2.99 ","Health & Fitness","Health & Fitness","120.0","120.0","600000.0","59800.00","120000.0","$420,200.00"
"Alizay, pirate girl","4.5","4.5","2.99","$2.99 ","Book","Casual;Action & Adventure","120.0","120.0","600000.0","59800.00","120000.0","$420,200.00"
"The Game of Life","4.5","4.4","2.99","$2.99 ","Games","Board","120.0","120.0","600000.0","59800.00","120000.0","$420,200.00"
"Five Nights at Freddy's 2","4.5","4.6","2.99","$2.99 ","Games","Strategy","120.0","120.0","600000.0","59800.00","120000.0","$420,200.00"
"Five Nights at Freddy's","4.5","4.6","2.99","$2.99 ","Games","Action","120.0","120.0","600000.0","59800.00","120000.0","$420,200.00"
"Riptide GP: Renegade","4.5","4.7","2.99","$2.99 ","Games","Racing","120.0","120.0","600000.0","59800.00","120000.0","$420,200.00"
"Five Nights at Freddy's 3","4.5","4.7","2.99","$2.99 ","Games","Action","120.0","120.0","600000.0","59800.00","120000.0","$420,200.00"
"Threema","4.5","4.5","2.99","$2.99 ","Social Networking","Communication","120.0","120.0","600000.0","59800.00","120000.0","$420,200.00"
"Pocket Yoga","4.5","4.4","2.99","$2.99 ","Health & Fitness","Health & Fitness","120.0","120.0","600000.0","59800.00","120000.0","$420,200.00"
"The Game of Life","4.5","4.4","2.99","$2.99 ","Games","Board","120.0","120.0","600000.0","59800.00","120000.0","$420,200.00"
"Can Knockdown 3","4.5","4.1","1.99","0","Games","Arcade","108.0","120.0","570000.0","29900.00","120000.0","$420,100.00"
"Alto's Adventure","4.5","4.6","4.99","0","Games","Action","120.0","120.0","600000.0","59900.00","120000.0","$420,100.00"
"Hitman GO","4.5","4.6","4.99","$0.99 ","Games","Puzzle","120.0","120.0","600000.0","59900.00","120000.0","$420,100.00"
"Alto's Adventure","4.5","4.6","4.99","0","Games","Action","120.0","120.0","600000.0","59900.00","120000.0","$420,100.00"
"Amazon Prime Video","4.0","4.2","0.00","0","Entertainment","Entertainment","108.0","108.0","540000.0","20000","108000.0","$412,000.00"
"NASCAR MOBILE","4.0","4.2","0.00","0","Sports","Sports","108.0","108.0","540000.0","20000","108000.0","$412,000.00"
"Does not Commute","4.0","4.0","0.00","0","Games","Racing","108.0","108.0","540000.0","20000","108000.0","$412,000.00"
"Dumb Ways to Die 2: The Games","4.0","4.2","0.00","0","Games","Casual","108.0","108.0","540000.0","20000","108000.0","$412,000.00"
"Hangouts","4.0","4.0","0.00","0","Social Networking","Communication","108.0","108.0","540000.0","20000","108000.0","$412,000.00"
"Tom Loves Angela","4.0","4.1","0.99","0","Entertainment","Entertainment","108.0","108.0","540000.0","20000","108000.0","$412,000.00"
"Tom's Love Letters","4.0","4.1","0.00","0","Entertainment","Entertainment","108.0","108.0","540000.0","20000","108000.0","$412,000.00"
"WatchESPN","4.0","4.1","0.00","0","Sports","Sports","108.0","108.0","540000.0","20000","108000.0","$412,000.00"
"Google Street View","4.0","4.2","0.00","0","Travel","Travel & Local","108.0","108.0","540000.0","20000","108000.0","$412,000.00"
"Ao Oni2","4.0","4.1","0.00","0","Games","Adventure","108.0","108.0","540000.0","20000","108000.0","$412,000.00"
"Google Street View","4.0","4.2","0.00","0","Travel","Travel & Local","108.0","108.0","540000.0","20000","108000.0","$412,000.00"
"RISK: Global Domination","4.0","4.0","0.00","0","Games","Board;Action & Adventure","108.0","108.0","540000.0","20000","108000.0","$412,000.00"
"Hangouts","4.0","4.0","0.00","0","Social Networking","Communication","108.0","108.0","540000.0","20000","108000.0","$412,000.00"
"Google Classroom","4.0","4.2","0.00","0","Education","Education","108.0","108.0","540000.0","20000","108000.0","$412,000.00"
"Google Classroom","4.0","4.2","0.00","0","Education","Education","108.0","108.0","540000.0","20000","108000.0","$412,000.00"
"Google Classroom","4.0","4.2","0.00","0","Education","Education","108.0","108.0","540000.0","20000","108000.0","$412,000.00"
"Bejeweled Blitz","4.0","4.2","0.00","0","Games","Puzzle","108.0","108.0","540000.0","20000","108000.0","$412,000.00"
"Peggle Blast","4.0","4.1","0.00","0","Games","Card","108.0","108.0","540000.0","20000","108000.0","$412,000.00"
"My Little Pony: Harmony Quest","4.0","4.1","0.00","0","Entertainment","Casual;Action & Adventure","108.0","108.0","540000.0","20000","108000.0","$412,000.00"
"My Little Pony: Harmony Quest","4.0","4.1","0.00","0","Entertainment","Casual;Action & Adventure","108.0","108.0","540000.0","20000","108000.0","$412,000.00"
"Hangouts","4.0","4.0","0.00","0","Social Networking","Communication","108.0","108.0","540000.0","20000","108000.0","$412,000.00"
"Google Slides","4.0","4.2","0.00","0","Productivity","Productivity","108.0","108.0","540000.0","20000","108000.0","$412,000.00"
"LEGO® Juniors Create & Cruise","4.0","4.1","0.00","0","Games","Educational;Action & Adventure","108.0","108.0","540000.0","20000","108000.0","$412,000.00"
"King of Avalon: Dragon Warfare","4.0","4.2","0.00","0","Games","Strategy","108.0","108.0","540000.0","20000","108000.0","$412,000.00"
"Fitbit","4.0","3.9","0.00","0","Health & Fitness","Health & Fitness","108.0","108.0","540000.0","20000","108000.0","$412,000.00"
"Angry Birds Go!","4.0","4.2","0.00","0","Games","Racing","108.0","108.0","540000.0","20000","108000.0","$412,000.00"
"Angry Birds Friends","4.0","4.2","0.00","0","Games","Arcade","108.0","108.0","540000.0","20000","108000.0","$412,000.00"
"Infinite Painter","4.0","4.1","0.00","0","Productivity","Art & Design","108.0","108.0","540000.0","20000","108000.0","$412,000.00"
"WatchESPN","4.0","4.1","0.00","0","Sports","Sports","108.0","108.0","540000.0","20000","108000.0","$412,000.00"
"WatchESPN","4.0","4.1","0.00","0","Sports","Sports","108.0","108.0","540000.0","20000","108000.0","$412,000.00"
"WatchESPN","4.0","4.1","0.00","0","Sports","Sports","108.0","108.0","540000.0","20000","108000.0","$412,000.00"
"Driving Zone","4.0","4.2","0.00","0","Games","Racing","108.0","108.0","540000.0","20000","108000.0","$412,000.00"
"UNO ™ & Friends","4.0","4.1","0.00","0","Games","Card","108.0","108.0","540000.0","20000","108000.0","$412,000.00"
"DRAGON BALL Z DOKKAN BATTLE","4.0","4.1","0.00","0","Games","Action","108.0","108.0","540000.0","20000","108000.0","$412,000.00"
"LEGO® Juniors Create & Cruise","4.0","4.1","0.00","0","Games","Educational;Action & Adventure","108.0","108.0","540000.0","20000","108000.0","$412,000.00"
"Hangouts","4.0","4.0","0.00","0","Social Networking","Communication","108.0","108.0","540000.0","20000","108000.0","$412,000.00"
"Cartoon Wars 3","4.0","4.1","0.00","0","Games","Role Playing","108.0","108.0","540000.0","20000","108000.0","$412,000.00"
"diep.io","4.0","4.1","0.00","0","Games","Action","108.0","108.0","540000.0","20000","108000.0","$412,000.00"
"Get 'Em","4.0","4.1","0.99","0","Games","Action","108.0","108.0","540000.0","20000","108000.0","$412,000.00"
"MARVEL Avengers Academy","4.0","4.2","0.00","0","Games","Adventure","108.0","108.0","540000.0","20000","108000.0","$412,000.00"
"My Talking Pet","4.5","4.6","1.99","$4.99 ","Entertainment","Entertainment","120.0","120.0","600000.0","69800.00","120000.0","$410,200.00"
"Toca Life: City","4.5","4.7","2.99","$3.99 ","Education","Education;Pretend Play","120.0","120.0","600000.0","69800.00","120000.0","$410,200.00"
"Toca Life: City","4.5","4.7","2.99","$3.99 ","Education","Education;Pretend Play","120.0","120.0","600000.0","69800.00","120000.0","$410,200.00"
"True Skate","4.0","4.4","1.99","$1.99 ","Games","Sports","120.0","108.0","570000.0","39800.00","120000.0","$410,200.00"
"Dr. Panda & Toto's Treehouse","4.5","4.4","3.99","$3.99 ","Entertainment","Casual;Pretend Play","120.0","120.0","600000.0","79800.00","120000.0","$400,200.00"
"Out There Chronicles - Ep. 1","4.0","4.4","1.99","$2.99 ","Games","Role Playing","120.0","108.0","570000.0","49800.00","120000.0","$400,200.00"
"Dr. Panda & Toto's Treehouse","4.5","4.4","3.99","$3.99 ","Entertainment","Casual;Pretend Play","120.0","120.0","600000.0","79800.00","120000.0","$400,200.00"
"Dr. Panda & Toto's Treehouse","4.5","4.4","3.99","$3.99 ","Entertainment","Casual;Pretend Play","120.0","120.0","600000.0","79800.00","120000.0","$400,200.00"
"Retro City Rampage DX","4.5","4.7","4.99","$2.99 ","Games","Action","120.0","120.0","600000.0","79800.00","120000.0","$400,200.00"
"Netflix","3.5","4.4","0.00","0","Entertainment","Entertainment","120.0","96.0","540000.0","20000","120000.0","$400,000.00"
"slither.io","3.5","4.4","0.00","0","Games","Action","120.0","96.0","540000.0","20000","120000.0","$400,000.00"
"Premier League - Official App","3.5","4.3","0.00","0","Sports","Sports","120.0","96.0","540000.0","20000","120000.0","$400,000.00"
"Google Translate","3.5","4.4","0.00","0","Reference","Tools","120.0","96.0","540000.0","20000","120000.0","$400,000.00"
"slither.io","3.5","4.4","0.00","0","Games","Action","120.0","96.0","540000.0","20000","120000.0","$400,000.00"
"Boomerang from Instagram","3.5","4.4","0.00","0","Photo & Video","Photography","120.0","96.0","540000.0","20000","120000.0","$400,000.00"
"Netflix","3.5","4.4","0.00","0","Entertainment","Entertainment","120.0","96.0","540000.0","20000","120000.0","$400,000.00"
"VSCO","3.5","4.4","0.00","0","Photo & Video","Photography","120.0","96.0","540000.0","20000","120000.0","$400,000.00"
"TED","3.5","4.6","0.00","0","Education","Education","120.0","96.0","540000.0","20000","120000.0","$400,000.00"
"TED","3.5","4.6","0.00","0","Education","Education","120.0","96.0","540000.0","20000","120000.0","$400,000.00"
"TED","3.5","4.6","0.00","0","Education","Education","120.0","96.0","540000.0","20000","120000.0","$400,000.00"
"Chick-fil-A","3.5","4.3","0.00","0","Food & Drink","Food & Drink","120.0","96.0","540000.0","20000","120000.0","$400,000.00"
"slither.io","3.5","4.4","0.00","0","Games","Action","120.0","96.0","540000.0","20000","120000.0","$400,000.00"
"TED","3.5","4.6","0.00","0","Education","Education","120.0","96.0","540000.0","20000","120000.0","$400,000.00"
"Dropbox","3.5","4.4","0.00","0","Productivity","Productivity","120.0","96.0","540000.0","20000","120000.0","$400,000.00"
"slither.io","3.5","4.4","0.00","0","Games","Action","120.0","96.0","540000.0","20000","120000.0","$400,000.00"
"Speedtest by Ookla","3.5","4.4","0.00","0","Utilities","Tools","120.0","96.0","540000.0","20000","120000.0","$400,000.00"
"Chick-fil-A","3.5","4.3","0.00","0","Food & Drink","Food & Drink","120.0","96.0","540000.0","20000","120000.0","$400,000.00"
"NBA","3.5","4.4","0.00","0","Sports","Sports","120.0","96.0","540000.0","20000","120000.0","$400,000.00"
"Google Translate","3.5","4.4","0.00","0","Reference","Tools","120.0","96.0","540000.0","20000","120000.0","$400,000.00"
"iFunny :)","3.5","4.4","0.00","0","Entertainment","Entertainment","120.0","96.0","540000.0","20000","120000.0","$400,000.00"
"Allrecipes Dinner Spinner","3.5","4.5","0.00","0","Food & Drink","Food & Drink","120.0","96.0","540000.0","20000","120000.0","$400,000.00"
"Premier League - Official App","3.5","4.3","0.00","0","Sports","Sports","120.0","96.0","540000.0","20000","120000.0","$400,000.00"
"Twitter","3.5","4.3","0.00","0","News","News & Magazines","120.0","96.0","540000.0","20000","120000.0","$400,000.00"
"Twitter","3.5","4.3","0.00","0","News","News & Magazines","120.0","96.0","540000.0","20000","120000.0","$400,000.00"
"STARZ","3.5","4.3","0.00","0","Entertainment","Entertainment","120.0","96.0","540000.0","20000","120000.0","$400,000.00"
"Netflix","3.5","4.4","0.00","0","Entertainment","Entertainment","120.0","96.0","540000.0","20000","120000.0","$400,000.00"
"Google Earth","3.5","4.3","0.00","0","Travel","Travel & Local","120.0","96.0","540000.0","20000","120000.0","$400,000.00"
"STARZ","3.5","4.3","0.00","0","Entertainment","Entertainment","120.0","96.0","540000.0","20000","120000.0","$400,000.00"
"Netflix","3.5","4.4","0.00","0","Entertainment","Entertainment","120.0","96.0","540000.0","20000","120000.0","$400,000.00"
"Ingress","3.5","4.3","0.00","0","Games","Adventure","120.0","96.0","540000.0","20000","120000.0","$400,000.00"
"STARZ","3.5","4.3","0.00","0","Entertainment","Entertainment","120.0","96.0","540000.0","20000","120000.0","$400,000.00"
"Netflix","3.5","4.4","0.00","0","Entertainment","Entertainment","120.0","96.0","540000.0","20000","120000.0","$400,000.00"
"Google Earth","3.5","4.3","0.00","0","Travel","Travel & Local","120.0","96.0","540000.0","20000","120000.0","$400,000.00"
"Dropbox","3.5","4.4","0.00","0","Productivity","Productivity","120.0","96.0","540000.0","20000","120000.0","$400,000.00"
"Twitter","3.5","4.3","0.00","0","News","News & Magazines","120.0","96.0","540000.0","20000","120000.0","$400,000.00"
"Dropbox","3.5","4.4","0.00","0","Productivity","Productivity","120.0","96.0","540000.0","20000","120000.0","$400,000.00"
"Chick-fil-A","3.5","4.3","0.00","0","Food & Drink","Food & Drink","120.0","96.0","540000.0","20000","120000.0","$400,000.00"
"slither.io","3.5","4.4","0.00","0","Games","Action","120.0","96.0","540000.0","20000","120000.0","$400,000.00"
"slither.io","3.5","4.4","0.00","0","Games","Action","120.0","96.0","540000.0","20000","120000.0","$400,000.00"
"DRAGON QUEST","4.5","4.2","2.99","$2.99 ","Games","Role Playing","108.0","120.0","570000.0","59800.00","120000.0","$390,200.00"
"Dr. Panda Hospital","4.0","4.4","2.99","$2.99 ","Education","Education;Pretend Play","120.0","108.0","570000.0","59800.00","120000.0","$390,200.00"
"DIRECTV","3.5","4.1","0.00","0","Entertainment","Entertainment","108.0","96.0","510000.0","20000","108000.0","$382,000.00"
"Kids A-Z","3.5","4.2","0.00","0","Education","Education;Education","108.0","96.0","510000.0","20000","108000.0","$382,000.00"
"Nick","3.5","4.2","0.00","0","Entertainment","Entertainment;Music & Video","108.0","96.0","510000.0","20000","108000.0","$382,000.00"
"NHL","3.5","4.0","0.00","0","Sports","Sports","108.0","96.0","510000.0","20000","108000.0","$382,000.00"
"Mobile Strike","3.5","3.9","0.00","0","Games","Strategy","108.0","96.0","510000.0","20000","108000.0","$382,000.00"
"PBS KIDS Video","3.5","4.2","0.00","0","Education","Education;Music & Video","108.0","96.0","510000.0","20000","108000.0","$382,000.00"
"Edmodo","3.5","4.1","0.00","0","Education","Education","108.0","96.0","510000.0","20000","108000.0","$382,000.00"
"Nick","3.5","4.2","0.00","0","Entertainment","Entertainment;Music & Video","108.0","96.0","510000.0","20000","108000.0","$382,000.00"
"Nick","3.5","4.2","0.00","0","Entertainment","Entertainment;Music & Video","108.0","96.0","510000.0","20000","108000.0","$382,000.00"
"Nick","3.5","4.2","0.00","0","Entertainment","Entertainment;Music & Video","108.0","96.0","510000.0","20000","108000.0","$382,000.00"
"Nick","3.5","4.2","0.00","0","Entertainment","Entertainment;Music & Video","108.0","96.0","510000.0","20000","108000.0","$382,000.00"
"Citi Mobile®","3.5","4.0","0.00","0","Finance","Finance","108.0","96.0","510000.0","20000","108000.0","$382,000.00"
"Geocaching®","3.5","4.1","0.00","0","Navigation","Health & Fitness","108.0","96.0","510000.0","20000","108000.0","$382,000.00"
"USA TODAY","3.5","4.1","0.00","0","News","News & Magazines","108.0","96.0","510000.0","20000","108000.0","$382,000.00"
"NBC News","3.5","4.1","0.00","0","News","News & Magazines","108.0","96.0","510000.0","20000","108000.0","$382,000.00"
"USA TODAY","3.5","4.1","0.00","0","News","News & Magazines","108.0","96.0","510000.0","20000","108000.0","$382,000.00"
"USA TODAY","3.5","4.1","0.00","0","News","News & Magazines","108.0","96.0","510000.0","20000","108000.0","$382,000.00"
"NBC News","3.5","4.1","0.00","0","News","News & Magazines","108.0","96.0","510000.0","20000","108000.0","$382,000.00"
"Facebook","3.5","4.1","0.00","0","Social Networking","Social","108.0","96.0","510000.0","20000","108000.0","$382,000.00"
"Just Dance Now","3.5","4.2","0.00","0","Games","Music","108.0","96.0","510000.0","20000","108000.0","$382,000.00"
"DB Navigator","3.5","4.0","0.00","0","Travel","Maps & Navigation","108.0","96.0","510000.0","20000","108000.0","$382,000.00"
"Edmodo","3.5","4.1","0.00","0","Education","Education","108.0","96.0","510000.0","20000","108000.0","$382,000.00"
"Univision Deportes: Liga MX, MLS, Fútbol En Vivo","3.5","4.2","0.00","0","Sports","Sports","108.0","96.0","510000.0","20000","108000.0","$382,000.00"
"Tinder","3.5","4.0","0.00","0","Lifestyle","Lifestyle","108.0","96.0","510000.0","20000","108000.0","$382,000.00"
"PBS KIDS Video","3.5","4.2","0.00","0","Education","Education;Music & Video","108.0","96.0","510000.0","20000","108000.0","$382,000.00"
"Nick","3.5","4.2","0.00","0","Entertainment","Entertainment;Music & Video","108.0","96.0","510000.0","20000","108000.0","$382,000.00"
"Facebook","3.5","4.1","0.00","0","Social Networking","Social","108.0","96.0","510000.0","20000","108000.0","$382,000.00"
"LinkedIn","3.5","4.2","0.00","0","Social Networking","Social","108.0","96.0","510000.0","20000","108000.0","$382,000.00"
"YouNow: Live Stream Video Chat","3.5","4.1","0.00","0","Social Networking","Social","108.0","96.0","510000.0","20000","108000.0","$382,000.00"
"Timehop","3.5","4.1","0.00","0","Social Networking","Social","108.0","96.0","510000.0","20000","108000.0","$382,000.00"
"LinkedIn","3.5","4.2","0.00","0","Social Networking","Social","108.0","96.0","510000.0","20000","108000.0","$382,000.00"
"Toca Builders","4.5","4.2","2.99","$3.99 ","Education","Education;Creativity","108.0","120.0","570000.0","69800.00","120000.0","$380,200.00"
"Battleheart Legacy","4.5","4.6","4.99","$4.99 ","Games","Role Playing","120.0","120.0","600000.0","99800.00","120000.0","$380,200.00"
"Sago Mini Babies","4.0","4.5","2.99","$3.99 ","Education","Education;Pretend Play","120.0","108.0","570000.0","69800.00","120000.0","$380,200.00"
"Sago Mini Babies","4.0","4.5","2.99","$3.99 ","Education","Education;Pretend Play","120.0","108.0","570000.0","69800.00","120000.0","$380,200.00"
"F-Sim Space Shuttle","4.5","4.4","4.99","$4.99 ","Games","Simulation","120.0","120.0","600000.0","99800.00","120000.0","$380,200.00"
"Storm Shield","4.5","3.5","2.99","0","Weather","Weather","96.0","120.0","540000.0","39900.00","120000.0","$380,100.00"
"Dr. Panda Farm","4.0","4.1","2.99","$2.99 ","Education","Education;Pretend Play","108.0","108.0","540000.0","59800.00","108000.0","$372,200.00"
"Dr. Panda Supermarket","4.0","4.2","2.99","$2.99 ","Education","Educational;Pretend Play","108.0","108.0","540000.0","59800.00","108000.0","$372,200.00"
"Farming Simulator 16","4.5","4.2","4.99","$2.99 ","Games","Simulation;Education","108.0","120.0","570000.0","79800.00","120000.0","$370,200.00"
"Wells Fargo Mobile","3.0","4.4","0.00","0","Finance","Finance","120.0","84.0","510000.0","20000","120000.0","$370,000.00"
"Wells Fargo Mobile","3.0","4.4","0.00","0","Finance","Finance","120.0","84.0","510000.0","20000","120000.0","$370,000.00"
"Whataburger","3.0","4.5","0.00","0","Food & Drink","Food & Drink","120.0","84.0","510000.0","20000","120000.0","$370,000.00"
"Uber Driver","3.0","4.4","0.00","0","Business","Business","120.0","84.0","510000.0","20000","120000.0","$370,000.00"
"The EO Bar","5.0","4.7","6.99","$6.99 ","Health & Fitness","Health & Fitness","120.0","132.0","630000.0","139800.00","132000.0","$358,200.00"
"Southwest Airlines","3.0","3.9","0.00","0","Travel","Travel & Local","108.0","84.0","480000.0","20000","108000.0","$352,000.00"
"Thomas & Friends: Race On!","3.0","4.1","0.00","0","Games","Casual;Action & Adventure","108.0","84.0","480000.0","20000","108000.0","$352,000.00"
"Mad Libs","3.0","4.0","0.00","0","Entertainment","Entertainment;Brain Games","108.0","84.0","480000.0","20000","108000.0","$352,000.00"
"Pokémon GO","3.0","4.1","0.00","0","Games","Adventure","108.0","84.0","480000.0","20000","108000.0","$352,000.00"
"Pokémon GO","3.0","4.1","0.00","0","Games","Adventure","108.0","84.0","480000.0","20000","108000.0","$352,000.00"
"PAC-MAN","3.0","4.2","0.00","0","Games","Arcade","108.0","84.0","480000.0","20000","108000.0","$352,000.00"
"Southwest Airlines","3.0","3.9","0.00","0","Travel","Travel & Local","108.0","84.0","480000.0","20000","108000.0","$352,000.00"
"PAC-MAN","3.0","4.2","0.00","0","Games","Arcade","108.0","84.0","480000.0","20000","108000.0","$352,000.00"
"Messenger","3.0","4.1","0.00","0","Social Networking","Social","108.0","84.0","480000.0","20000","108000.0","$352,000.00"
"Uber","3.0","4.2","0.00","0","Travel","Maps & Navigation","108.0","84.0","480000.0","20000","108000.0","$352,000.00"
"Sky News","3.0","4.0","0.00","0","News","News & Magazines","108.0","84.0","480000.0","20000","108000.0","$352,000.00"
"Epson iPrint","3.0","4.1","0.00","0","Photo & Video","Tools","108.0","84.0","480000.0","20000","108000.0","$352,000.00"
"Redbox","3.0","4.1","0.00","0","Entertainment","Entertainment","108.0","84.0","480000.0","20000","108000.0","$352,000.00"
"Uber","3.0","4.2","0.00","0","Travel","Maps & Navigation","108.0","84.0","480000.0","20000","108000.0","$352,000.00"
"Thomas & Friends: Race On!","3.0","4.1","0.00","0","Games","Casual;Action & Adventure","108.0","84.0","480000.0","20000","108000.0","$352,000.00"
"Please, Don't Touch Anything","4.0","4.4","4.99","$4.99 ","Games","Puzzle","120.0","108.0","570000.0","99800.00","120000.0","$350,200.00"
"Don't Starve: Pocket Edition","4.0","4.4","4.99","$4.99 ","Games","Adventure","120.0","108.0","570000.0","99800.00","120000.0","$350,200.00"
"Paprika Recipe Manager","4.5","4.1","4.99","$4.99 ","Food & Drink","Food & Drink","108.0","120.0","570000.0","99800.00","120000.0","$350,200.00"
"NBA JAM by EA SPORTS™","4.0","4.3","4.99","$4.99 ","Games","Sports;Action & Adventure","120.0","108.0","570000.0","99800.00","120000.0","$350,200.00"
"LEGO® Friends","4.0","4.4","4.99","$4.99 ","Games","Casual;Pretend Play","120.0","108.0","570000.0","99800.00","120000.0","$350,200.00"
"H&M","3.0","3.7","0.00","0","Shopping","Lifestyle","96.0","84.0","450000.0","20000","96000.0","$334,000.00"
"myAT&T","3.0","3.7","0.00","0","Utilities","Productivity","96.0","84.0","450000.0","20000","96000.0","$334,000.00"
"Fly Delta","3.0","3.7","0.00","0","Travel","Travel & Local","96.0","84.0","450000.0","20000","96000.0","$334,000.00"
"Fly Delta","3.0","3.7","0.00","0","Travel","Travel & Local","96.0","84.0","450000.0","20000","96000.0","$334,000.00"
"Google Play Movies & TV","3.0","3.7","0.00","0","Entertainment","Video Players & Editors","96.0","84.0","450000.0","20000","96000.0","$334,000.00"
"myAT&T","3.0","3.7","0.00","0","Utilities","Productivity","96.0","84.0","450000.0","20000","96000.0","$334,000.00"
"H&M","3.0","3.7","0.00","0","Shopping","Lifestyle","96.0","84.0","450000.0","20000","96000.0","$334,000.00"
"Assassin's Creed Identity","4.0","3.7","4.99","$1.99 ","Games","Action","96.0","108.0","510000.0","69800.00","108000.0","$332,200.00"
"LEGO Batman: DC Super Heroes","4.0","4.2","4.99","$4.99 ","Games","Adventure;Action & Adventure","108.0","108.0","540000.0","99800.00","108000.0","$332,200.00"
"RollerCoaster Tycoon® Classic","4.0","4.6","5.99","$5.99 ","Games","Simulation","120.0","108.0","570000.0","119800.00","120000.0","$330,200.00"
"Puffin Browser Pro","3.5","4.0","3.99","$3.99 ","Utilities","Communication","108.0","96.0","510000.0","79800.00","108000.0","$322,200.00"
"Snapchat","2.5","4.0","0.00","0","Photo & Video","Social","108.0","72.0","450000.0","20000","108000.0","$322,000.00"
"BET NOW - Watch Shows","2.5","4.2","0.00","0","Entertainment","Entertainment","108.0","72.0","450000.0","20000","108000.0","$322,000.00"
"MTV","2.5","3.8","0.00","0","Entertainment","Entertainment","108.0","72.0","450000.0","20000","108000.0","$322,000.00"
"SHOWTIME","2.5","4.2","0.00","0","Entertainment","Entertainment","108.0","72.0","450000.0","20000","108000.0","$322,000.00"
"BET NOW - Watch Shows","2.5","4.2","0.00","0","Entertainment","Entertainment","108.0","72.0","450000.0","20000","108000.0","$322,000.00"
"MTV","2.5","3.8","0.00","0","Entertainment","Entertainment","108.0","72.0","450000.0","20000","108000.0","$322,000.00"
"SHOWTIME","2.5","4.2","0.00","0","Entertainment","Entertainment","108.0","72.0","450000.0","20000","108000.0","$322,000.00"
"BET NOW - Watch Shows","2.5","4.2","0.00","0","Entertainment","Entertainment","108.0","72.0","450000.0","20000","108000.0","$322,000.00"
"Snapchat","2.5","4.0","0.00","0","Photo & Video","Social","108.0","72.0","450000.0","20000","108000.0","$322,000.00"
"NFL","2.5","4.1","0.00","0","Sports","Sports","108.0","72.0","450000.0","20000","108000.0","$322,000.00"
"NFL","2.5","4.1","0.00","0","Sports","Sports","108.0","72.0","450000.0","20000","108000.0","$322,000.00"
"Battlefield™ Companion","2.5","4.0","0.00","0","Social Networking","Action","108.0","72.0","450000.0","20000","108000.0","$322,000.00"
"Snapchat","2.5","4.0","0.00","0","Photo & Video","Social","108.0","72.0","450000.0","20000","108000.0","$322,000.00"
"NFL","2.5","4.1","0.00","0","Sports","Sports","108.0","72.0","450000.0","20000","108000.0","$322,000.00"
"Snapchat","2.5","4.0","0.00","0","Photo & Video","Social","108.0","72.0","450000.0","20000","108000.0","$322,000.00"
"T-Mobile Tuesdays","2.5","4.0","0.00","0","Lifestyle","Lifestyle","108.0","72.0","450000.0","20000","108000.0","$322,000.00"
"My Movies Pro - Movie & TV Collection Library","4.5","4.6","7.99","$7.99 ","Catalogs","Lifestyle","120.0","120.0","600000.0","159800.00","120000.0","$320,200.00"
"Grand Theft Auto: San Andreas","4.0","4.4","6.99","$6.99 ","Games","Action","120.0","108.0","570000.0","139800.00","120000.0","$310,200.00"
"U by BB&T","2.0","4.3","0.00","0","Finance","Finance","120.0","60.0","450000.0","20000","120000.0","$310,000.00"
"Super Mario Run","2.5","3.7","0.00","0","Games","Action","96.0","72.0","420000.0","20000","96000.0","$304,000.00"
"United Airlines","2.5","3.5","0.00","0","Travel","Travel & Local","96.0","72.0","420000.0","20000","96000.0","$304,000.00"
"United Airlines","2.5","3.5","0.00","0","Travel","Travel & Local","96.0","72.0","420000.0","20000","96000.0","$304,000.00"
"Don't Starve: Shipwrecked","3.5","4.1","4.99","$4.99 ","Games","Adventure","108.0","96.0","510000.0","99800.00","108000.0","$302,200.00"
"I am Bread","3.5","4.0","4.99","$4.99 ","Games","Adventure","108.0","96.0","510000.0","99800.00","108000.0","$302,200.00"
"NCAA Sports","2.0","3.9","0.00","0","Sports","Sports","108.0","60.0","420000.0","20000","108000.0","$292,000.00"
"My College Bookstore","2.5","3.2","0.00","0","Shopping","Shopping","84.0","72.0","390000.0","20000","84000.0","$286,000.00"
"AirWatch Agent","2.5","3.1","0.00","0","Business","Business","84.0","72.0","390000.0","20000","84000.0","$286,000.00"
"NBC Sports","2.5","3.1","0.00","0","Sports","Sports","84.0","72.0","390000.0","20000","84000.0","$286,000.00"
"McDonald's","2.0","3.6","0.00","0","Food & Drink","Food & Drink","96.0","60.0","390000.0","20000","96000.0","$274,000.00"
"myChevrolet","2.0","3.5","0.00","0","Lifestyle","Lifestyle","96.0","60.0","390000.0","20000","96000.0","$274,000.00"
"McDonald's","2.0","3.6","0.00","0","Food & Drink","Food & Drink","96.0","60.0","390000.0","20000","96000.0","$274,000.00"
"Peppa Pig: Party Time","2.0","3.8","0.99","$2.99 ","Education","Educational;Pretend Play","108.0","60.0","420000.0","39900.00","108000.0","$272,100.00"
"AMC","2.0","3.2","0.00","0","Entertainment","Entertainment","84.0","60.0","360000.0","20000","84000.0","$256,000.00"
"Baldur's Gate: Enhanced Edition","4.0","4.5","9.99","$9.99 ","Games","Role Playing","120.0","108.0","570000.0","199800.00","120000.0","$250,200.00"
"FINAL FANTASY V","4.5","4.5","14.99","$7.99 ","Games","Role Playing","120.0","120.0","600000.0","229800.00","120000.0","$250,200.00"
"SNCF","1.5","3.4","0.00","0","Travel","Travel & Local","96.0","48.0","360000.0","20000","96000.0","$244,000.00"
"XCOM®: Enemy Within","4.0","4.2","9.99","$9.99 ","Games","Strategy","108.0","108.0","540000.0","199800.00","108000.0","$232,200.00"
"Philips Hue","1.5","3.1","0.00","0","Lifestyle","Lifestyle","84.0","48.0","330000.0","20000","84000.0","$226,000.00"
"AnatomyMapp","3.5","4.1","9.99","$14.99 ","Medical","Medical","108.0","96.0","510000.0","249800.00","108000.0","$152,200.00"
"AnatomyMapp","3.5","4.1","9.99","$14.99 ","Medical","Medical","108.0","96.0","510000.0","249800.00","108000.0","$152,200.00"
"Muscle Premium - Human Anatomy, Kinesiology, Bones","4.5","4.2","19.99","$24.99 ","Medical","Medical","108.0","120.0","570000.0","449800.00","120000.0","$200.00"
"Muscle Premium - Human Anatomy, Kinesiology, Bones","4.5","4.2","19.99","$24.99 ","Medical","Medical","108.0","120.0","570000.0","449800.00","120000.0","$200.00"
